{
	"class_name" : "PinholeCameraParameters",
	"extrinsic" : 
	[
		-0.284320470333562,
		-0.056297979846770069,
		0.95707492267558392,
		0.0,
		-0.95839732490488638,
		-0.0095783656982247056,
		-0.28527674725730628,
		0.0,
		0.025227718177830823,
		-0.99836806458125649,
		-0.051232507842347529,
		0.0,
		-0.50607211817431053,
		4.0769345732401376,
		3.5297480791279008,
		1.0
	],
	"intrinsic" : 
	{
		"height" : 1080,
		"intrinsic_matrix" : 
		[
			935.30743608719376,
			0.0,
			0.0,
			0.0,
			935.30743608719376,
			0.0,
			959.5,
			539.5,
			1.0
		],
		"width" : 1920
	},
	"version_major" : 1,
	"version_minor" : 0
}